Bibliothèque;Rang;Nombre de réservations;Catégorie;Titre;Auteur
Adolphe Max;3;3;Fiction Adultes;Aya de Yopougon;Abouet,  Marguerite
Riches Claires;54;3;Fiction Adultes;Personne ne le croira;MacDonald,  Patricia
Riches Claires;61;3;Fiction Adultes;La nuit de feu;Schmitt,  Eric-Emmanuel
Riches Claires;38;3;Fiction Adultes;Cinquante nuances de Grey;James,  E.L.
Riches Claires;53;3;Fiction Adultes;Check-Point;Rufin,  Jean-Christophe
Laeken;5;10;Fiction Adultes;2084 : la fin du monde;Sansal,  Boualem
Riches Claires;43;3;Fiction Adultes;Je suis pilgrim;Hayes,  Terry
Riches Claires;55;3;Fiction Adultes;Miniaturiste;Burton,  Jessie
Riches Claires;44;3;Fiction Adultes;Charlotte;Foenkinos,  David
Riches Claires;49;3;Fiction Adultes;Mr. Mercedes;King,  Stephen
Riches Claires;60;3;Fiction Adultes;Eva;Liberati,  Simon
Riches Claires;28;4;Bande Dessinée Adultes;L'arabe du futur : une jeunesse au Moyen-Orient (1978-1984);Sattouf,  Riad
Charles Janssen;5;3;Documentaire Adultes;Feu vert pour le permis de conduire : auto, moto, cyclo;De Bruyn,  Claude
Mutsaard;10;3;Fiction Adultes;Le garçon qui ne parlait pas;Leon,  Donna
Laeken;57;3;Fiction Adultes;L'enfant aux yeux d'émeraude;Saussey,  Jacques
Laeken;65;3;Fiction Adultes;Une morsure ne suffit pas;Neill,  Chloe
Mutsaard;8;3;Fiction Adultes;Une dernière danse;Hislop,  Victoria
Charles Janssen;3;4;Fiction Adultes;Temps glaciaires;Vargas,  Fred
Laeken;63;3;Fiction Adultes;L'ombre de Gray Mountain;Grisham,  John
Mutsaard;3;7;Fiction Adultes;Muchachas;Pancol,  Katherine
Riches Claires;36;3;Cederom;Feu vert pour le permis de conduire [RESSOURCE ELECTRONIQUE];De Bruyn,  Claude
Riches Claires;20;5;Documentaire Adultes;Bruxelles : un hameau dans un marais;Didden,  Marc
Riches Claires;9;6;Fiction Adultes;Que ta volonté soit faite;Chattam,  Maxime
Riches Claires;16;5;Documentaire Adultes;Le suicide français;Zemmour,  Eric
Riches Claires;24;4;Fiction Jeunesse;Angoisses;Girard-Audet,  Catherine
Riches Claires;34;3;Fiction Adultes;A l'abri de rien;Adam,  Olivier
Riches Claires;26;4;Fiction Adultes;Six ans déjà;Coben,  Harlan
Riches Claires;19;5;Fiction Adultes;Temps glaciaires;Vargas,  Fred
Riches Claires;32;4;Fiction Adultes;After we collided;Todd,  Anna
Laeken;14;6;Fiction Adultes;D'après une histoire vraie;Vigan,  Delphine de
Laeken;21;5;Fiction Adultes;La dernière nuit du Raïs;Khadra,  Yasmina
Laeken;55;3;Fiction Adultes;Sous la surface;Michaud,  Martin
Laeken;35;4;Fiction Adultes;Que sonne l'heure;James,  Peter
Laeken;25;4;Fiction Adultes;L'hiver du monde;Follett,  Ken
Laeken;15;5;Fiction Jeunesse;Le labyrinthe;Dashner,  James
Laeken;44;3;Fiction Adultes;Je suis pilgrim;Hayes,  Terry
Laeken;26;4;Fiction Jeunesse;Divergente;Roth,  Veronica
Laeken;49;3;Fiction Adultes;Charlotte;Foenkinos,  David
Laeken;12;6;Fiction Adultes;Elle et lui;Levy,  Marc
Artistique;2;3;Documentaire Adultes;Arte povera;
Riches Claires;6;7;Fiction Adultes;Maman a tort;Bussi,  Michel
Riches Claires;12;6;Fiction Adultes;Ce qui ne me tue pas;Lagercrantz,  David
Riches Claires;17;5;Fiction Adultes;Le voyant;Garcin,  Jérôme
Riches Claires;18;5;Fiction Jeunesse;Trou de beigne;Girard-Audet,  Catherine
Riches Claires;27;4;Fiction Adultes;Central park;Musso,  Guillaume
Riches Claires;30;4;Fiction Adultes1;L'effet papillon : la cinquième enquête du Département V;Adler-Olsen,  Jussi
Riches Claires;31;4;Fiction Adultes1;Americanah;Adichie,  Chimamanda Ngozi
Riches Claires;37;3;Bande Dessinée Adultes;L'apocalyspe selon saint Jacky;Larcenet,  Manu
Riches Claires;39;3;Fiction Jeunesse;L'empereur du Nihon-Ja;Flanagan,  John
Riches Claires;41;3;Fiction Adultes;Sur tes yeux;Cao,  Irene
Riches Claires;46;3;Documentaire Adultes;Ça s'est fait comme ça;Depardieu,  Gérard
Laeken;2;13;Fiction Adultes;Soumission;Houellebecq,  Michel
Laeken;6;9;Fiction Adultes;L'instant présent;Musso,  Guillaume
Laeken;11;6;Documentaire Adultes;Merci pour ce moment;Trierweiler,  Valérie
Laeken;17;5;Fiction Jeunesse;Le garçon qui ne parlait pas;Leon,  Donna
Laeken;20;5;Fiction Adultes;L'innocence des bourreaux;Abel,  Barbara
Laeken;28;4;Fiction Adultes;La femme tatouée;Aspe,  Pieter
Laeken;32;4;Fiction Adultes;Miniaturiste;Burton,  Jessie
Laeken;34;4;Fiction Adultes;Mirage;Kennedy,  Douglas
Laeken;42;3;Fiction Jeunesse;La vérité toute moche;Kinney,  Jeff
Laeken;43;3;Fiction Jeunesse;Western girl;Percin,  Anne
Laeken;45;3;Bande Dessinée Adultes;King's game Extreme;Kanazawa,  Nobuaki
Laeken;48;3;Fiction Adultes;Le remède mortel;Dashner,  James
Laeken;56;3;Fiction Adultes;Americanah;Adichie,  Chimamanda Ngozi
Laeken;60;3;Fiction Jeunesse;Le sang de l'Olympe;Riordan,  Rick
Laeken;64;3;Fiction Adultes;L'île aux mille couleurs;Mckinley,  Tamara
Laeken;69;3;Fiction Adultes;Neverhome;Hunt,  Laird
Laeken;74;3;Fiction Adultes;Le crime de l'Albatros;Bourcy,  Thierry
Brand Whitlock;4;4;Fiction Adultes;Tu me manques;Coben,  Harlan
Charles Janssen;1;7;Fiction Adultes;Muchachas;Pancol,  Katherine
Charles Janssen;7;3;Fiction Adultes;L'instant présent;Musso,  Guillaume
Charles Janssen;9;3;Fiction Adultes;Pandemia;Thilliez,  Franck
Brunfaut;1;3;Fiction Adultes;Aux portes de l'enfer;Follett,  Ken
Mutsaard;2;8;Fiction Adultes;Elle et lui;Levy,  Marc
Mutsaard;4;5;Fiction Adultes;Aux portes de l'enfer;Follett,  Ken
Mutsaard;5;5;Fiction Adultes;Ce qui ne me tue pas;Lagercrantz,  David
Mutsaard;9;3;Fiction Adultes;Mr. Mercedes;King,  Stephen
Riches Claires;14;5;Documentaire Adultes;Feu vert pour le permis de conduire : auto, moto, cyclo;De Bruyn,  Claude
Artistique;1;3;Documentaire Adultes;White cube : l'espace de la galerie et son idéologie;O'Doherty,  Brian
Riches Claires;15;5;Fiction Adultes;L'amour et les forêts;Reinhardt,  Eric
Riches Claires;22;4;Fiction Adultes;Le manipulateur;Grisham,  John
Riches Claires;5;7;Fiction Adultes;La gaieté;Lévy,  Justine
Laeken;53;3;Fiction Adultes;Le trône de fer : l'intégrale. 5;Martin,  George R.R.
Mutsaard;11;3;Fiction Jeunesse;Nous sommes tous des propagateurs;Carteron ,  Marine
Laeken;73;3;Fiction Adultes;L'inconnu du pont Notre-Dame;Parot,  Jean-François
Brand Whitlock;7;3;Fiction Adultes;L'innocence des bourreaux;Abel,  Barbara
Laeken;41;3;Bande Dessinée Jeunesse;Une petite princesse !;Alwett,  Audrey
Brand Whitlock;2;4;Fiction Jeunesse;Rumeurs;Girard-Audet,  Catherine
Mutsaard;1;12;Fiction Adultes;L'instant présent;Musso,  Guillaume
Laeken;50;3;Bande Dessinée Adultes;Wet Moon;Kaneko,  Atsushi
Laeken;47;3;Fiction Adultes;Catharsis;Sund,  Erik Axl
Laeken;52;3;Fiction Adultes;Kobra;Meyer,  Deon
Riches Claires;33;4;Fiction Adultes;D'après une histoire vraie;Vigan,  Delphine de
Riches Claires;42;3;Fiction Jeunesse;Montagnes russes;Girard-Audet,  Catherine
Riches Claires;48;3;Fiction Adultes;Vernon Subutex. 1;Despentes,  Virginie
Laeken;31;4;Fiction Adultes;Personne ne le croira;MacDonald,  Patricia
Riches Claires;51;3;Fiction Adultes;L'instant présent;Musso,  Guillaume
Laeken;9;7;Fiction Adultes;Ce qui ne me tue pas;Lagercrantz,  David
Laeken;27;4;Fiction Adultes;Merde à Vauban;Lepetit,  Sébastien
Laeken;13;6;Fiction Adultes;Le secret du mari;Moriarty,  Liane
Laeken;7;9;Fiction Adultes;La fille du train;Hawkins,  Paula
Laeken;37;4;Fiction Adultes;Boussole;Enard,  Mathias
Adolphe Max;1;4;Fiction Adultes;Nos étoiles contraires;Green,  John
Riches Claires;1;9;Fiction Adultes;La fille du train;Hawkins,  Paula
Riches Claires;7;7;Fiction Adultes;Le livre des Baltimore;Dicker,  Joël
Riches Claires;8;6;Cederom;Feu vert pour le permis de conduire  [RESSOURCE ELECTRONIQUE];De Bruyn,  Claude
Riches Claires;11;6;Fiction Adultes;Le crime du comte Neville;Nothomb,  Amélie
Riches Claires;13;5;Bande Dessinée Adultes;Grasse carcasse;Larcenet,  Manu
Riches Claires;29;4;Fiction Adultes;Le complexe d'Eden Bellwether;Wood,  Benjamin
Riches Claires;35;3;Fiction Jeunesse;Tu seras une Formule 1, mon fils;Bertrand,  Dorine
Riches Claires;50;3;Fiction Adultes;Héloïse, ouille !;Teulé,  Jean
Riches Claires;52;3;Fiction Adultes;The girl on the train;Hawkins,  Paula
Laeken;8;7;Fiction Adultes;Manderley for ever;Rosnay,  Tatiana de
Laeken;10;6;Fiction Jeunesse;Frémissements;Hunter,  C.C.
Laeken;18;5;Fiction Adultes;Temps glaciaires;Vargas,  Fred
Laeken;22;5;Fiction Adultes;Le livre des Baltimore;Dicker,  Joël
Laeken;24;4;Fiction Jeunesse;Le passeur;Lowry,  Lois
Laeken;36;4;Fiction Adultes;La petite femelle;Jaenada,  Philippe
Laeken;46;3;Fiction Adultes;Cinquante nuances plus sombres;James,  E.L.
Laeken;54;3;Fiction Adultes;L'échiquier des dieux;Mead,  Richelle
Laeken;58;3;Fiction Adultes;Les chants de la mort;Gonthier,  Nicole
Laeken;59;3;Fiction Adultes;Le papillon rouge;Eastland,  Sam
Laeken;62;3;Fiction Adultes;Les ombres de Katyn;Kerr,  Philip
Laeken;66;3;Fiction Adultes;La septième fonction du langage;Binet,  Laurent
Laeken;67;3;Fiction Adultes;La zone d'intérêt;Amis,  Martin
Laeken;68;3;Fiction Adultes;Horrorstör;Hendrix,  Grady
Laeken;70;3;Bande Dessinée Adultes;Murmures;Kirkman,  Robert
Laeken;75;3;Fiction Adultes;Petite philosophie de l'amour;Botton,  Alain de
Laeken;77;3;Bande Dessinée Adultes;Rubrique-à-brac;Gotlib,  Marcel
Brand Whitlock;1;5;Fiction Adultes;Elle et lui;Levy,  Marc
Brand Whitlock;5;4;Fiction Adultes;La boîte à musique;Clark,  Mary Higgins
Brand Whitlock;6;3;Fiction Adultes;After ever happy;Todd,  Anna
Charles Janssen;2;5;Bande Dessinée Jeunesse;Dengeki Daisy;Motomi,  Kyousuke
Charles Janssen;4;4;Fiction Adultes;Ce qui ne me tue pas;Lagercrantz,  David
Charles Janssen;6;3;Fiction Adultes;Aux portes de l'enfer;Follett,  Ken
Charles Janssen;10;3;Fiction Adultes;Aïcha;Halter,  Marek
Brunfaut;2;3;Fiction Adultes;Aïcha;Halter,  Marek
Adolphe Max;2;4;Fiction Adultes;Muchachas;Pancol,  Katherine
Riches Claires;2;8;Fiction Adultes;Soumission;Houellebecq,  Michel
Riches Claires;3;8;Documentaire Adultes;Le charme discret de l'intestin : tout sur un organe mal aimé;Enders,  Giulia
Riches Claires;4;7;Fiction Adultes;Meursault, contre-enquête;Daoud,  Kamel
Riches Claires;10;6;Fiction Adultes;Pandemia;Thilliez,  Franck
Riches Claires;21;5;Fiction Adultes;La carte des Mendelssohn;Meur,  Diane
Riches Claires;23;4;Fiction Adultes;Le quatrième mur;Chalandon,  Sorj
Riches Claires;25;4;Fiction Adultes;Muchachas;Pancol,  Katherine
Riches Claires;40;3;Fiction Jeunesse;Rumeurs;Girard-Audet,  Catherine
Riches Claires;45;3;Fiction Adultes;Juste une mauvaise action;George,  Elizabeth
Riches Claires;47;3;Fiction Adultes2;Le grand ménage du tueur à gages;Hallgrímur Helgason
Riches Claires;56;3;Fiction Adultes;Le secret du mari;Moriarty,  Liane
Riches Claires;57;3;Fiction Adultes;L'innocence des bourreaux;Abel,  Barbara
Riches Claires;58;3;Fiction Adultes;La drôle de vie de Zelda Zonk;Peyrin,  Laurence
Riches Claires;59;3;Fiction Adultes;Boussole;Enard,  Mathias
Laeken;1;19;Documentaire Adultes;Feu vert pour le permis de conduire : auto, moto, cyclo;De Bruyn,  Claude
Laeken;3;12;Fiction Adultes;Le mystère des livres disparus;Sansom,  Ian
Laeken;4;10;Fiction Adultes;Aux portes de l'enfer;Follett,  Ken
Laeken;16;5;Fiction Jeunesse;La terre brûlée;Dashner,  James
Laeken;19;5;Fiction Adultes;Jules;van Cauwelaert,  Didier
Laeken;23;4;Bande Dessinée Jeunesse;Mystérieuses héritières;Alwett,  Audrey
Laeken;29;4;Fiction Adultes;After. 1;Todd,  Anna
Laeken;30;4;Fiction Adultes;Les temps sauvages;Manook,  Ian
Laeken;33;4;Fiction Adultes;L'inconnue de Queen's Gate;Beddingfeld,  Anne
Laeken;38;4;Fiction Adultes;Un amour impossible;Angot,  Christine
Laeken;39;4;Fiction Adultes;Déchéance;Robillard,  Anne
Laeken;40;3;Documentaire Adultes;Le dérèglement du monde : quand nos civilisations s'épuisent;Maalouf,  Amin
Laeken;51;3;Fiction Jeunesse;Les anges de l'abîme;Nordin,  Magnus
Laeken;61;3;Fiction Adultes;L'avatar;Carey,  Jacqueline
Laeken;71;3;Fiction Adultes;Opération Napoléon;Indridason,  Arnaldur
Laeken;72;3;Fiction Adultes;Une autre vie;Watson,  S. J.
Laeken;76;3;Documentaire Adultes;Dom Juan ou Le festin de pierre;Molière,  -
Bruegel;1;3;Fiction Jeunesse;Journal d'un dégonflé : carnet de bord de Greg Heffley;Kinney,  Jeff
Brand Whitlock;3;4;Fiction Adultes;Aux portes de l'enfer;Follett,  Ken
Charles Janssen;8;3;Fiction Adultes;Coup de foudre;Steel,  Danielle
Mutsaard;6;4;Fiction Adultes;Au revoir là-haut;Lemaître,  Pierre
Mutsaard;7;3;Fiction Adultes;Cinquante nuances de Grey;James,  E.L.
Mutsaard;12;3;Fiction Adultes;Le livre des Baltimore;Dicker,  Joël
